sample,value
1,67
2,67
3,67
4,67
5,67
6,67
7,67
8,67
9,67
10,67
11,67
12,67
13,67
14,67
15,67
16,67
17,67
18,67
19,67
20,67
21,67
22,67
23,67
24,67
25,67
26,67
27,67
28,67
29,67
30,67
31,67
32,67
33,67
34,67
35,67
36,67
37,67
38,67
39,67
40,67
41,67
42,67
43,67
44,67
45,67
46,67
47,67
48,67
49,67
50,67
51,67
52,67
53,67
54,67
55,67
56,67
57,67
58,67
59,67
60,67
61,67
62,67
63,67
64,67
65,67
66,67
67,67
68,67
69,67
70,66
71,66
72,67
73,67
74,67
75,67
76,66
77,66
78,66
79,66
80,67
81,66
82,66
83,66
84,66
85,66
86,66
87,66
88,66
89,66
90,66
91,66
92,66
93,66
94,66
95,66
96,66
97,66
98,66
99,66
100,66
101,66
102,66
103,66
104,66
105,66
106,66
107,66
108,66
109,66
110,66
111,66
112,66
113,66
114,66
115,66
116,66
117,66
118,66
119,66
120,66
121,66
122,66
123,66
124,66
125,66
126,66
127,66
128,66
129,66
130,66
131,66
132,66
133,66
134,66
135,66
136,66
137,66
138,66
139,66
140,66
141,66
142,66
143,66
144,66
145,66
146,66
147,66
148,66
149,66
150,66
151,66
152,66
153,66
154,66
155,66
156,66
157,66
158,66
159,66
160,66
161,66
162,66
163,66
164,66
165,66
166,66
167,66
168,66
169,66
170,66
171,66
172,66
173,66
174,66
175,66
176,66
177,66
178,66
179,66
180,66
181,66
182,66
183,66
184,66
185,66
186,66
187,66
188,66
189,66
190,66
191,66
192,66
193,66
194,66
195,66
196,66
197,66
198,66
199,66
200,66
201,66
202,66
203,66
204,66
205,66
206,66
207,66
208,66
209,66
210,66
211,66
212,66
213,66
214,66
215,66
216,66
217,66
218,66
219,66
220,66
221,66
222,66
223,66
224,66
225,66
226,66
227,66
228,66
229,66
230,66
231,66
232,66
233,66
234,66
235,66
236,66
237,66
238,66
239,66
240,66
241,66
242,66
243,66
244,66
245,66
246,66
247,66
248,66
249,66
250,66
251,66
252,66
253,66
254,66
255,66
256,66
257,66
258,66
259,66
260,66
261,66
262,66
263,66
264,66
265,66
266,67
267,67
268,67
269,67
270,67
271,67
272,67
273,67
274,67
275,67
276,67
277,67
278,67
279,67
280,67
281,67
282,67
283,67
284,67
285,67
286,67
287,67
288,67
289,67
290,67
291,67
292,67
293,67
294,67
295,67
296,67
297,67
298,67
299,67
300,67
301,67
302,67
303,67
304,67
305,67
306,67
307,67
308,67
309,67
310,67
311,67
312,67
313,67
314,67
315,67
316,67
317,67
318,67
319,67
320,67
321,67
322,67
323,67
324,67
325,67
326,67
327,67
328,67
329,67
330,67
331,67
332,67
333,67
334,67
335,67
336,67
337,67
338,67
339,67
340,67
341,67
342,67
343,67
344,67
345,67
346,67
347,67
348,67
349,67
350,67
351,67
352,67
353,67
354,67
355,67
356,67
357,67
358,67
359,67
360,67
361,67
362,67
363,67
364,67
365,67
366,67
367,67
368,67
369,67
370,67
371,67
372,67
373,67
374,67
375,67
376,67
377,67
378,67
379,67
380,67
381,67
382,67
383,67
384,67
385,67
386,67
387,67
388,67
389,67
390,67
391,67
392,67
393,67
394,67
395,67
396,67
397,67
398,67
399,67
400,67
401,67
402,67
403,67
404,67
405,67
406,67
407,67
408,67
409,67
410,67
411,67
412,67
413,67
414,67
415,67
416,67
417,67
418,67
419,67
420,67
421,67
422,67
423,67
424,67
425,67
426,67
427,67
428,67
429,67
430,67
431,67
432,67
433,67
434,67
435,67
436,67
437,67
438,67
439,67
440,67
441,67
442,67
443,67
444,67
445,67
446,67
447,67
448,67
449,67
450,67
451,67
452,67
453,67
454,67
455,67
456,67
457,67
458,67
459,67
460,67
461,67
462,67
463,67
464,67
465,67
466,67
467,67
468,67
469,67
470,67
471,67
472,67
473,67
474,67
475,67
476,67
477,67
478,67
479,67
480,67
481,67
482,67
483,67
484,67
485,67
486,67
487,67
488,67
489,67
490,67
491,67
492,67
493,67
494,67
495,67
496,67
497,67
498,67
499,67
500,67
501,67
502,67
503,67
504,67
505,67
506,67
507,67
508,67
509,67
510,67
511,67
512,67
513,67
514,67
515,67
516,67
517,67
518,67
519,67
520,67
521,67
522,67
523,67
524,67
525,67
526,67
527,67
528,67
529,67
530,67
531,67
532,67
533,67
534,67
535,67
536,67
537,67
538,67
539,67
540,67
541,67
542,67
543,67
544,67
545,67
546,67
547,67
548,67
549,67
550,67
551,67
552,67
553,67
554,67
555,67
556,67
557,67
558,67
559,67
560,67
561,67
562,67
563,67
564,67
565,67
566,67
567,67
568,67
569,67
570,67
571,67
572,67
573,67
574,67
575,67
576,67
577,67
578,67
579,67
580,67
581,67
582,67
583,67
584,67
585,67
586,67
587,67
588,67
589,67
590,67
591,67
592,67
593,67
594,67
595,67
596,67
597,67
598,67
599,67
600,67
601,67
602,67
603,67
604,67
605,67
606,67
607,67
608,67
609,67
610,67
611,67
612,67
613,67
614,67
615,67
616,67
617,67
618,67
619,67
620,67
621,67
622,67
623,67
624,67
625,67
626,67
627,67
628,67
629,67
630,67
631,67
632,67
633,67
634,67
635,67
636,67
637,67
638,67
639,67
640,67
641,67
642,67
643,67
644,67
645,67
646,67
647,67
648,67
649,67
650,67
651,67
652,67
653,67
654,67
655,67
656,67
657,67
658,67
659,67
660,67
661,67
662,67
663,67
664,67
665,67
666,67
667,67
668,67
669,67
670,67
671,67
672,67
673,67
674,67
675,67
676,67
677,67
678,67
679,67
680,67
681,67
682,67
683,67
684,67
685,67
686,67
687,67
688,67
689,67
690,67
691,67
692,67
693,67
694,67
695,67
696,67
697,67
698,67
699,67
700,67
701,67
702,67
703,67
704,67
705,67
706,67
707,67
708,67
709,67
710,67
711,67
712,67
713,67
714,67
715,67
716,67
717,67
718,67
719,67
720,67
721,67
722,67
723,67
724,67
725,67
726,67
727,67
728,67
729,67
730,67
731,67
732,67
733,67
734,67
735,66
736,66
737,66
738,66
739,66
740,66
741,66
742,66
743,66
744,66
745,66
746,66
747,66
748,66
749,66
750,66
751,66
752,66
753,66
754,66
755,66
756,66
757,66
758,66
759,66
760,66
761,66
762,66
763,66
764,66
765,66
766,66
767,66
768,66
769,66
770,66
771,66
772,66
773,66
774,66
775,66
776,66
777,66
778,67
779,67
780,66
781,66
782,66
783,66
784,66
785,66
786,66
787,66
788,66
789,66
790,66
791,66
792,66
793,66
794,66
795,66
796,66
797,66
798,66
799,66
800,66
801,66
802,66
803,66
804,66
805,66
806,66
807,66
808,66
809,66
810,66
811,66
812,66
813,66
814,66
815,66
816,66
817,66
818,66
819,66
820,66
821,66
822,66
823,66
824,66
825,66
826,66
827,66
828,66
829,66
830,66
831,66
832,67
833,67
834,67
835,66
836,67
837,67
838,67
839,67
840,67
841,67
842,67
843,67
844,67
845,67
846,67
847,67
848,67
849,67
850,67
851,67
852,67
853,67
854,67
855,67
856,67
857,67
858,67
859,67
860,67
861,67
862,67
863,67
864,67
865,67
866,67
867,66
868,66
869,66
870,66
871,67
872,67
873,67
874,66
875,66
876,66
877,66
878,66
879,66
880,66
881,66
882,66
883,66
884,66
885,66
886,66
887,66
888,66
889,66
890,66
891,66
892,66
893,66
894,66
895,66
896,66
897,66
898,66
899,66
900,66
901,66
902,66
903,66
904,66
905,66
906,66
907,66
908,66
909,66
910,66
911,66
912,66
913,66
914,66
915,66
916,66
917,66
918,66
919,66
920,66
921,66
922,66
923,66
924,66
925,66
926,66
927,66
928,66
929,67
930,67
931,67
932,67
933,67
934,67
935,67
936,67
937,67
938,67
939,67
940,67
941,67
942,67
943,67
944,67
945,67
946,67
947,67
948,67
949,67
950,67
951,67
952,67
953,67
954,67
955,67
956,67
957,67
958,67
959,67
960,67
961,67
962,67
963,67
964,67
965,67
966,67
967,67
968,67
969,67
970,67
971,67
972,67
973,67
974,67
975,67
976,67
977,67
978,67
979,67
980,67
981,66
982,67
983,67
984,67
985,67
986,67
987,66
988,66
989,66
990,66
991,67
992,67
993,67
994,67
995,66
996,67
997,67
998,67
999,67
1000,67
1001,66
1002,67
1003,67
1004,67
1005,67
1006,67
1007,67
1008,67
1009,67
1010,67
1011,67
1012,67
1013,67
1014,67
1015,67
1016,67
1017,67
1018,67
1019,67
1020,67
1021,67
1022,67
1023,67
1024,67
1025,67
1026,67
1027,67
1028,67
1029,66
1030,66
1031,67
1032,66
1033,66
1034,66
1035,66
1036,66
1037,66
1038,66
1039,66
1040,66
1041,66
1042,66
1043,66
1044,66
1045,66
1046,66
1047,66
1048,66
1049,66
1050,66
1051,66
1052,66
1053,66
1054,66
1055,66
1056,66
1057,66
1058,66
1059,66
1060,66
1061,66
1062,66
1063,66
1064,66
1065,66
1066,66
1067,66
1068,66
1069,66
1070,66
1071,66
1072,66
1073,66
1074,66
1075,66
1076,66
1077,66
1078,66
1079,66
1080,66
1081,66
1082,66
1083,66
1084,66
1085,66
1086,66
1087,66
1088,66
1089,66
1090,66
1091,67
1092,67
1093,66
1094,66
1095,66
1096,67
1097,67
1098,67
1099,67
1100,66
1101,66
1102,66
1103,67
1104,67
1105,67
1106,67
1107,67
1108,67
1109,67
1110,67
1111,67
1112,67
1113,67
1114,66
1115,67
1116,67
1117,67
1118,67
1119,67
1120,67
1121,66
1122,66
1123,66
1124,66
1125,66
1126,66
1127,66
1128,66
1129,66
1130,66
1131,66
1132,66
1133,66
1134,66
1135,66
1136,66
1137,66
1138,66
1139,66
1140,66
1141,66
1142,66
1143,66
1144,66
1145,66
1146,66
1147,66
1148,66
1149,66
1150,66
1151,66
1152,66
1153,66
1154,66
1155,66
1156,66
1157,66
1158,66
1159,66
1160,66
1161,66
1162,66
1163,66
1164,66
1165,66
1166,66
1167,66
1168,66
1169,66
1170,66
1171,66
1172,66
1173,66
1174,66
1175,66
1176,66
1177,66
1178,66
1179,66
1180,66
1181,66
1182,66
1183,66
1184,66
1185,66
1186,66
1187,66
1188,66
1189,66
1190,66
1191,66
1192,66
1193,66
1194,66
1195,66
1196,66
1197,66
1198,66
1199,66
1200,66
1201,66
1202,66
1203,66
1204,66
1205,66
1206,66
1207,66
1208,66
1209,66
1210,66
1211,66
1212,66
1213,66
1214,66
1215,66
1216,66
1217,66
1218,66
1219,66
1220,66
1221,66
1222,66
1223,66
1224,66
1225,66
1226,66
1227,66
1228,66
1229,66
1230,66
1231,66
1232,66
1233,66
1234,66
1235,66
1236,66
1237,66
1238,66
1239,66
1240,66
1241,66
1242,66
1243,66
1244,66
1245,66
1246,66
1247,66
1248,66
1249,66
1250,66
1251,66
1252,66
1253,66
1254,66
1255,66
1256,66
1257,66
1258,66
1259,66
1260,66
1261,66
1262,66
1263,66
1264,66
1265,66
1266,66
1267,66
1268,66
1269,66
1270,66
1271,66
1272,66
1273,66
1274,66
1275,66
1276,66
1277,66
1278,66
1279,66
1280,66
1281,66
1282,66
1283,66
1284,66
1285,66
1286,66
1287,66
1288,66
1289,66
1290,66
1291,66
1292,66
1293,66
1294,66
1295,66
1296,66
1297,66
1298,66
1299,66
1300,66
1301,66
1302,66
1303,66
1304,66
1305,66
1306,66
1307,66
1308,66
1309,66
1310,66
1311,66
1312,66
1313,66
1314,66
1315,66
1316,66
1317,66
1318,66
1319,66
1320,66
1321,66
1322,66
1323,66
1324,66
1325,66
1326,66
1327,66
1328,66
1329,66
1330,66
1331,66
1332,66
1333,66
1334,66
1335,66
1336,66
1337,66
1338,66
1339,66
1340,66
1341,66
1342,66
1343,66
1344,66
1345,66
1346,66
1347,66
1348,66
1349,66
1350,66
1351,66
1352,66
1353,66
1354,66
1355,66
1356,66
1357,66
1358,66
1359,66
1360,66
1361,66
1362,66
1363,66
1364,66
1365,66
1366,66
1367,66
1368,66
1369,66
1370,66
1371,66
1372,66
1373,66
1374,66
1375,66
1376,66
1377,66
1378,66
1379,66
1380,66
1381,66
1382,66
1383,66
1384,66
1385,66
1386,66
1387,66
1388,66
1389,66
1390,66
1391,66
1392,66
1393,66
1394,66
1395,66
1396,66
1397,66
1398,66
1399,66
1400,66
1401,66
1402,66
1403,66
1404,66
1405,66
1406,66
1407,66
1408,66
1409,66
1410,66
1411,66
1412,66
1413,66
1414,66
1415,66
1416,67
1417,67
1418,67
1419,67
1420,67
1421,67
1422,67
1423,67
1424,67
1425,67
1426,67
1427,67
1428,67
1429,67
1430,67
1431,67
1432,67
1433,67
1434,67
1435,67
1436,67
1437,67
1438,67
1439,67
1440,67
1441,67
1442,67
1443,67
1444,67
1445,67
1446,67
1447,66
1448,66
1449,67
1450,67
1451,67
1452,66
1453,66
1454,66
1455,66
1456,66
1457,66
1458,66
1459,66
1460,66
1461,66
1462,66
1463,66
1464,66
1465,66
1466,66
1467,66
1468,66
1469,66
1470,66
1471,66
1472,66
1473,66
1474,66
1475,66
1476,66
1477,66
1478,66
1479,66
1480,66
1481,66
1482,66
1483,66
1484,66
1485,66
1486,66
1487,66
1488,66
1489,66
1490,66
1491,66
1492,66
1493,66
1494,66
1495,66
1496,66
1497,66
1498,66
1499,66
1500,66
1501,66
1502,66
1503,66
1504,66
1505,66
1506,66
1507,66
1508,66
1509,66
1510,66
1511,66
1512,66
1513,66
1514,66
1515,66
1516,66
1517,66
1518,66
1519,66
1520,66
1521,66
1522,66
1523,66
1524,66
1525,66
1526,66
1527,66
1528,66
1529,66
1530,66
1531,66
1532,66
1533,66
1534,66
1535,66
1536,66
1537,66
1538,66
1539,66
1540,66
1541,66
1542,66
1543,66
1544,66
1545,66
1546,66
1547,66
1548,67
1549,67
1550,67
1551,67
1552,67
1553,67
1554,67
1555,67
1556,67
1557,67
1558,67
1559,67
1560,67
1561,67
1562,67
1563,67
1564,67
1565,67
1566,67
1567,67
1568,67
1569,67
1570,67
1571,67
1572,67
1573,66
1574,66
1575,66
1576,67
1577,67
1578,67
1579,66
1580,66
1581,66
1582,66
1583,66
1584,66
1585,66
1586,66
1587,66
1588,66
1589,66
1590,66
1591,66
1592,66
1593,66
1594,66
1595,66
1596,66
1597,66
1598,66
1599,66
1600,66
1601,66
1602,66
1603,66
1604,66
1605,66
1606,66
1607,66
1608,66
1609,66
1610,66
1611,66
1612,66
1613,66
1614,66
1615,66
1616,67
1617,67
1618,67
1619,67
1620,66
1621,67
1622,67
1623,67
1624,67
1625,67
1626,67
1627,67
1628,67
1629,67
1630,67
1631,67
1632,67
1633,67
1634,67
1635,67
1636,67
1637,67
1638,67
1639,67
1640,67
1641,67
1642,67
1643,67
1644,67
1645,67
1646,67
1647,67
1648,67
1649,67
1650,67
1651,67
1652,67
1653,67
1654,67
1655,67
1656,67
1657,67
1658,67
1659,66
1660,66
1661,66
1662,66
1663,66
1664,66
1665,66
1666,66
1667,66
1668,66
1669,66
1670,66
1671,66
1672,66
1673,66
1674,66
1675,66
1676,66
1677,66
1678,66
1679,66
1680,66
1681,66
1682,66
1683,66
1684,66
1685,66
1686,66
1687,66
1688,66
1689,66
1690,66
1691,66
1692,66
1693,66
1694,66
1695,66
1696,66
1697,66
1698,66
1699,66
1700,66
1701,66
1702,66
1703,66
1704,66
1705,66
1706,66
1707,66
1708,66
1709,66
1710,66
1711,66
1712,66
1713,66
1714,66
1715,66
1716,66
1717,66
1718,66
1719,66
1720,66
1721,66
1722,66
1723,66
1724,66
1725,66
1726,66
1727,66
1728,66
1729,66
1730,66
1731,66
1732,66
1733,66
1734,66
1735,66
1736,66
1737,66
1738,66
1739,66
1740,66
1741,66
1742,66
1743,66
1744,66
1745,66
1746,66
1747,66
1748,66
1749,66
1750,66
1751,66
1752,66
1753,66
1754,66
1755,66
1756,66
1757,66
1758,66
1759,66
1760,66
1761,66
1762,66
1763,66
1764,66
1765,66
1766,66
1767,66
1768,66
1769,66
1770,66
1771,66
1772,66
1773,66
1774,66
1775,66
1776,66
1777,66
1778,66
1779,66
1780,66
1781,66
1782,66
1783,66
1784,66
1785,66
1786,66
1787,66
1788,66
1789,66
1790,66
1791,66
1792,66
1793,66
1794,66
1795,66
1796,66
1797,66
1798,66
1799,66
1800,66
1801,66
1802,66
1803,66
1804,66
1805,66
1806,66
1807,66
1808,66
1809,66
1810,66
1811,66
1812,66
1813,66
1814,66
1815,66
1816,66
1817,66
1818,66
1819,66
1820,66
1821,66
1822,66
1823,66
1824,66
1825,66
1826,66
1827,66
1828,66
1829,66
1830,66
1831,66
1832,66
1833,66
1834,66
1835,66
1836,66
1837,66
1838,66
1839,66
1840,66
1841,66
1842,66
1843,66
1844,66
1845,66
1846,66
1847,66
1848,66
1849,66
1850,66
1851,66
1852,66
1853,66
1854,66
1855,66
1856,66
1857,66
1858,66
1859,66
1860,66
1861,66
1862,66
1863,66
1864,66
1865,66
1866,66
1867,66
1868,66
1869,66
1870,66
1871,66
1872,66
1873,66
1874,66
1875,66
1876,66
1877,66
1878,66
1879,66
1880,66
1881,66
1882,66
1883,66
1884,66
1885,66
1886,66
1887,66
1888,66
1889,66
1890,66
1891,66
1892,66
1893,66
1894,66
1895,66
1896,66
1897,66
1898,66
1899,66
1900,66
1901,66
1902,66
1903,66
1904,66
1905,66
1906,66
1907,66
1908,66
1909,66
1910,66
1911,66
1912,66
1913,66
1914,66
1915,66
1916,66
1917,66
1918,66
1919,66
1920,66
1921,66
1922,66
1923,66
1924,66
1925,66
1926,66
1927,66
1928,66
1929,66
1930,66
1931,66
1932,66
1933,66
1934,66
1935,66
1936,66
1937,66
1938,66
1939,66
1940,66
1941,66
1942,66
1943,66
1944,66
1945,66
1946,66
1947,66
1948,66
1949,66
1950,66
1951,66
1952,66
1953,66
1954,66
1955,66
1956,66
1957,66
1958,66
1959,66
1960,66
1961,66
1962,66
1963,66
1964,66
1965,66
1966,66
1967,66
1968,66
1969,66
1970,66
1971,66
1972,66
1973,66
1974,66
1975,66
1976,66
1977,66
1978,66
1979,66
1980,66
1981,66
1982,66
1983,66
1984,66
1985,66
1986,66
1987,66
1988,66
1989,66
1990,66
1991,66
1992,66
1993,66
1994,66
1995,66
1996,66
1997,66
1998,66
1999,66
2000,66
2001,66
2002,66
2003,66
2004,66
2005,66
2006,66
2007,66
2008,66
2009,66
2010,66
2011,66
2012,66
2013,66
2014,66
2015,66
2016,66
2017,66
2018,66
2019,66
2020,66
2021,66
2022,66
2023,66
2024,66
2025,66
2026,66
2027,66
2028,66
2029,66
2030,66
2031,66
2032,66
2033,66
2034,66
2035,66
2036,66
2037,66
2038,66
2039,66
2040,66
2041,66
2042,66
2043,66
2044,66
2045,66
2046,66
2047,66
2048,66
2049,66
2050,66
2051,66
2052,66
2053,66
2054,66
2055,66
2056,66
2057,66
2058,66
2059,66
2060,66
2061,66
2062,66
2063,66
2064,66
2065,66
2066,66
2067,66
2068,66
2069,66
2070,66
2071,66
2072,66
2073,66
2074,66
2075,66
2076,66
2077,66
2078,66
2079,66
2080,66
2081,66
2082,66
2083,66
2084,66
2085,66
2086,66
2087,66
2088,66
2089,67
2090,67
2091,67
2092,67
2093,67
2094,67
2095,67
2096,67
2097,67
2098,67
2099,67
2100,67
2101,67
2102,67
2103,67
2104,67
2105,67
2106,67
2107,67
2108,67
2109,67
2110,67
2111,67
2112,67
2113,67
2114,67
2115,67
2116,67
2117,67
2118,67
2119,67
2120,67
2121,67
2122,67
2123,67
2124,67
2125,67
2126,67
2127,67
2128,67
2129,67
2130,67
2131,67
2132,67
2133,67
2134,67
2135,67
2136,67
2137,67
2138,67
2139,67
2140,67
2141,67
2142,67
2143,67
2144,67
2145,67
2146,67
2147,67
2148,67
2149,67
2150,67
2151,67
2152,67
2153,67
2154,67
2155,67
2156,67
2157,67
2158,67
2159,66
2160,66
2161,66
2162,67
2163,66
2164,66
2165,66
2166,66
2167,66
2168,66
2169,66
2170,66
2171,66
2172,66
2173,66
2174,66
2175,66
2176,67
2177,66
2178,66
2179,66
2180,66
2181,66
2182,66
2183,66
2184,66
2185,66
2186,66
2187,66
2188,66
2189,66
2190,66
2191,66
2192,66
2193,66
2194,66
2195,66
2196,66
2197,66
2198,66
2199,66
2200,66
2201,66
2202,67
2203,67
2204,66
2205,66
2206,66
2207,67
2208,67
2209,67
2210,66
2211,66
2212,66
2213,66
2214,66
2215,66
2216,66
2217,66
2218,66
2219,66
2220,66
2221,66
2222,66
2223,66
2224,66
2225,66
2226,66
2227,66
2228,66
2229,66
2230,66
2231,66
2232,66
2233,66
2234,66
2235,66
2236,66
2237,66
2238,66
2239,66
2240,66
2241,66
2242,66
2243,66
2244,66
2245,66
2246,66
2247,66
2248,66
2249,66
2250,66
2251,66
2252,66
2253,66
2254,66
2255,66
2256,66
2257,66
2258,66
2259,66
2260,66
2261,66
2262,66
2263,66
2264,66
2265,66
2266,66
2267,66
2268,66
2269,66
2270,66
2271,66
2272,66
2273,66
2274,66
2275,66
2276,66
2277,66
2278,66
2279,66
2280,66
2281,66
2282,66
2283,66
2284,66
2285,66
2286,66
2287,66
2288,66
2289,66
2290,66
2291,66
2292,66
2293,66
2294,66
2295,66
2296,66
2297,66
2298,66
2299,66
2300,66
2301,66
2302,67
2303,67
2304,67
2305,66
2306,66
2307,67
2308,67
2309,67
2310,67
2311,67
2312,67
2313,67
2314,67
2315,67
2316,67
2317,67
2318,67
2319,67
2320,67
2321,67
2322,67
2323,67
2324,67
2325,66
2326,67
2327,67
2328,67
2329,67
2330,66
2331,66
2332,66
2333,66
2334,66
2335,66
2336,67
2337,66
2338,66
2339,66
2340,66
2341,67
2342,67
2343,67
2344,67
2345,67
2346,67
2347,67
2348,67
2349,67
2350,67
2351,67
2352,67
2353,67
2354,67
2355,67
2356,67
2357,67
2358,67
2359,67
2360,67
2361,67
2362,67
2363,67
2364,67
2365,67
2366,67
2367,67
2368,67
2369,67
2370,67
2371,67
2372,67
2373,67
2374,67
2375,67
2376,67
2377,67
2378,67
2379,67
2380,67
2381,67
2382,67
2383,67
2384,67
2385,67
2386,67
2387,67
2388,67
2389,67
2390,67
2391,67
2392,67
2393,67
2394,67
2395,67
2396,67
2397,67
2398,67
2399,67
2400,67
2401,67
2402,67
2403,67
2404,67
2405,66
2406,66
2407,66
2408,66
2409,66
2410,66
2411,66
2412,66
2413,66
2414,66
2415,66
2416,66
2417,66
2418,66
2419,66
2420,66
2421,66
2422,66
2423,66
2424,66
2425,66
2426,66
2427,66
2428,66
2429,66
2430,66
2431,66
2432,66
2433,66
2434,66
2435,66
2436,66
2437,66
2438,66
2439,66
2440,66
2441,66
2442,66
2443,66
2444,66
2445,66
2446,66
2447,66
2448,66
2449,66
2450,66
2451,66
2452,66
2453,66
2454,66
2455,66
2456,66
2457,66
2458,66
2459,66
2460,66
2461,66
2462,66
2463,66
2464,66
2465,66
2466,66
2467,66
2468,66
2469,66
2470,66
2471,66
2472,66
2473,66
2474,66
2475,66
2476,66
2477,66
2478,66
2479,66
2480,66
2481,66
2482,66
2483,66
2484,66
2485,66
2486,66
2487,66
2488,66
2489,66
2490,66
2491,66
2492,66
2493,66
2494,66
2495,66
2496,66
2497,66
2498,66
2499,66
2500,66
2501,66
2502,66
2503,66
2504,66
2505,66
2506,66
2507,66
2508,66
2509,66
2510,66
2511,66
2512,66
2513,66
2514,66
2515,66
2516,66
2517,66
2518,66
2519,66
2520,66
2521,66
2522,66
2523,66
2524,66
2525,66
2526,66
2527,67
2528,67
2529,67
2530,67
2531,67
2532,67
2533,67
2534,67
2535,67
2536,67
2537,67
2538,67
2539,67
2540,67
2541,67
2542,67
2543,67
2544,67
2545,67
2546,67
2547,67
2548,67
2549,67
2550,67
2551,67
2552,67
2553,67
2554,67
2555,67
2556,67
2557,67
2558,67
2559,67
2560,67
2561,67
2562,67
2563,67
2564,67
2565,67
2566,67
2567,67
2568,67
2569,67
2570,67
2571,67
2572,67
2573,67
2574,67
2575,67
2576,67
2577,67
2578,67
2579,67
2580,67
2581,67
2582,67
2583,67
2584,66
2585,66
2586,66
2587,66
2588,67
2589,67
2590,66
2591,66
2592,66
2593,66
2594,66
2595,66
2596,66
2597,66
2598,66
2599,66
2600,66
2601,66
2602,66
2603,66
2604,66
2605,66
2606,66
2607,66
2608,66
2609,66
2610,66
2611,66
2612,66
2613,66
2614,66
2615,66
2616,66
2617,66
2618,66
2619,66
2620,66
2621,66
2622,66
2623,66
2624,66
2625,66
2626,66
2627,66
2628,66
2629,66
2630,66
2631,66
2632,66
2633,66
2634,66
2635,66
2636,66
2637,66
2638,66
2639,66
2640,66
2641,66
2642,66
2643,66
2644,66
2645,66
2646,66
2647,66
2648,66
2649,66
2650,66
2651,66
2652,66
2653,66
2654,66
2655,66
2656,66
2657,66
2658,66
2659,66
2660,66
2661,66
2662,66
2663,66
2664,66
2665,66
2666,66
2667,66
2668,66
2669,66
2670,66
2671,66
2672,66
2673,66
2674,66
2675,66
2676,66
2677,66
2678,66
2679,66
2680,66
2681,66
2682,66
2683,66
2684,66
2685,66
2686,66
2687,66
2688,66
2689,66
2690,66
2691,66
2692,66
2693,66
2694,66
2695,66
2696,66
2697,66
2698,66
2699,66
2700,66
2701,66
2702,66
2703,66
2704,66
2705,66
2706,66
2707,66
2708,66
2709,66
2710,66
2711,66
2712,66
2713,66
2714,66
2715,66
2716,66
2717,66
2718,66
2719,66
2720,66
2721,66
2722,66
2723,66
2724,66
2725,66
2726,66
2727,66
2728,66
2729,66
2730,66
2731,66
2732,66
2733,66
2734,66
2735,66
2736,66
2737,66
2738,66
2739,66
2740,66
2741,66
2742,66
2743,66
2744,66
2745,66
2746,66
2747,66
2748,66
2749,66
2750,66
2751,66
2752,66
2753,66
2754,66
2755,66
2756,66
2757,66
2758,66
2759,66
2760,66
2761,66
2762,66
2763,66
2764,66
2765,66
2766,66
2767,66
2768,66
2769,66
2770,66
2771,66
2772,66
2773,66
2774,66
2775,66
2776,66
2777,66
2778,66
2779,66
2780,66
2781,66
2782,66
2783,66
2784,66
2785,66
2786,66
2787,66
2788,66
2789,66
2790,66
2791,66
2792,66
2793,66
2794,66
2795,66
2796,66
2797,66
2798,66
2799,66
2800,66
2801,66
2802,66
2803,66
2804,66
2805,66
2806,66
2807,66
2808,66
2809,66
2810,66
2811,66
2812,66
2813,66
2814,66
2815,66
2816,66
2817,66
2818,66
2819,66
2820,66
2821,66
2822,66
2823,66
2824,66
2825,66
2826,66
2827,66
2828,66
2829,66
2830,66
2831,66
2832,66
2833,66
2834,66
2835,66
2836,66
2837,66
2838,66
2839,66
2840,66
2841,66
2842,66
2843,66
2844,66
2845,66
2846,66
2847,66
2848,66
2849,66
2850,66
2851,66
2852,66
2853,66
2854,66
2855,66
2856,66
2857,66
2858,66
2859,66
2860,66
2861,66
2862,66
2863,66
2864,66
2865,66
2866,66
2867,66
2868,66
2869,66
2870,66
2871,66
2872,66
2873,66
2874,66
2875,66
2876,66
2877,66
2878,66
2879,66
2880,66
2881,66
2882,66
2883,66
2884,66
2885,66
2886,66
2887,66
2888,66
2889,66
2890,66
2891,66
2892,66
2893,66
2894,66
2895,66
2896,66
2897,66
2898,66
2899,66
2900,66
2901,66
2902,66
2903,66
2904,66
2905,66
2906,66
2907,66
2908,66
2909,66
2910,66
2911,66
2912,66
2913,66
2914,66
2915,66
2916,66
2917,66
2918,66
2919,66
2920,66
2921,66
2922,66
2923,66
2924,66
2925,66
2926,66
2927,66
2928,66
2929,66
2930,66
2931,66
2932,66
2933,66
2934,66
2935,66
2936,66
2937,66
2938,66
2939,66
2940,66
2941,66
2942,66
2943,66
2944,66
2945,66
2946,66
2947,66
2948,66
2949,66
2950,66
2951,66
2952,66
2953,66
2954,66
2955,66
2956,66
2957,66
2958,66
2959,66
2960,66
2961,66
2962,66
2963,66
2964,66
2965,66
2966,66
2967,66
2968,66
2969,66
2970,66
2971,66
2972,66
2973,66
2974,66
2975,66
2976,66
2977,66
2978,66
2979,66
2980,66
2981,66
2982,66
2983,66
2984,66
2985,66
2986,66
2987,66
2988,66
2989,66
2990,66
2991,66
2992,66
2993,66
2994,66
2995,66
2996,66
2997,66
2998,66
2999,66
3000,66
3001,66
3002,66
3003,66
3004,66
3005,66
3006,66
3007,66
3008,66
3009,66
3010,66
3011,66
3012,66
3013,66
3014,66
3015,66
3016,66
3017,66
3018,66
3019,66
3020,66
3021,66
3022,66
3023,66
3024,66
3025,66
3026,66
3027,66
3028,66
3029,66
3030,66
3031,66
3032,66
3033,66
3034,66
3035,66
3036,66
3037,66
3038,66
3039,66
3040,66
3041,66
3042,66
3043,66
3044,66
3045,66
3046,66
3047,66
3048,66
3049,66
3050,66
3051,66
3052,66
3053,66
3054,66
3055,66
3056,66
3057,66
3058,66
3059,66
3060,66
3061,66
3062,66
3063,66
3064,66
3065,66
3066,66
3067,66
3068,67
3069,66
3070,66
3071,66
3072,66
3073,67
3074,67
3075,67
3076,67
3077,67
3078,67
3079,67
3080,67
3081,67
3082,67
3083,67
3084,67
3085,67
3086,67
3087,67
3088,67
3089,67
3090,67
3091,67
3092,67
3093,67
3094,67
3095,67
3096,67
3097,67
3098,67
3099,67
3100,67
3101,67
3102,67
3103,67
3104,67
3105,67
3106,67
3107,67
3108,67
3109,67
3110,67
3111,67
3112,67
3113,67
3114,67
3115,67
3116,67
3117,67
3118,67
3119,67
3120,67
3121,67
3122,67
3123,66
3124,66
3125,66
3126,67
3127,67
3128,67
3129,66
3130,66
3131,66
3132,66
3133,66
3134,66
3135,66
3136,66
3137,66
3138,66
3139,66
3140,66
3141,66
3142,66
3143,66
3144,66
3145,66
3146,66
3147,66
3148,66
3149,66
3150,66
3151,66
3152,66
3153,67
3154,67
3155,66
3156,66
3157,66
3158,66
3159,67
3160,67
3161,67
3162,67
3163,66
3164,66
3165,67
3166,67
3167,67
3168,67
3169,66
3170,66
3171,66
3172,66
3173,66
3174,66
3175,66
3176,66
3177,66
3178,66
3179,67
3180,67
3181,67
3182,67
3183,67
3184,67
3185,67
3186,67
3187,67
3188,67
3189,67
3190,67
3191,67
3192,67
3193,67
3194,67
3195,67
3196,67
3197,66
3198,67
3199,67
3200,67
3201,67
3202,67
3203,67
3204,67
3205,67
3206,67
3207,67
3208,67
3209,67
3210,67
3211,67
3212,67
3213,67
3214,67
3215,67
3216,67
3217,67
3218,67
3219,67
3220,67
3221,67
3222,67
3223,67
3224,67
3225,67
3226,67
3227,67
3228,67
3229,67
3230,67
3231,67
3232,67
3233,67
3234,67
3235,67
3236,67
3237,67
3238,67
3239,67
3240,67
3241,67
3242,67
3243,67
3244,67
3245,67
3246,67
3247,67
3248,67
3249,67
3250,67
3251,67
3252,67
3253,67
3254,67
3255,67
3256,67
3257,67
3258,67
3259,67
3260,67
3261,67
3262,67
3263,67
3264,67
3265,67
3266,67
3267,67
3268,67
3269,67
3270,67
3271,67
3272,67
3273,67
3274,67
3275,67
3276,67
3277,67
3278,67
3279,67
3280,67
3281,67
3282,67
3283,67
3284,67
3285,67
3286,67
3287,67
3288,67
3289,67
3290,67
3291,67
3292,67
3293,67
3294,67
3295,67
3296,66
3297,67
3298,67
3299,67
3300,67
3301,67
3302,67
3303,66
3304,66
3305,66
3306,67
3307,67
3308,67
3309,66
3310,66
3311,67
3312,67
3313,67
3314,67
3315,67
3316,67
3317,67
3318,67
3319,67
3320,67
3321,67
3322,67
3323,67
3324,67
3325,67
3326,67
3327,67
3328,67
3329,67
3330,67
3331,67
3332,67
3333,67
3334,67
3335,67
3336,66
3337,66
3338,66
3339,66
3340,66
3341,66
3342,66
3343,66
3344,66
3345,66
3346,66
3347,66
3348,66
3349,66
3350,66
3351,66
3352,66
3353,66
3354,66
3355,66
3356,66
3357,66
3358,66
3359,66
3360,66
3361,66
3362,66
3363,66
3364,66
3365,66
3366,66
3367,66
3368,66
3369,66
3370,66
3371,66
3372,66
3373,66
3374,66
3375,66
3376,66
3377,66
3378,66
3379,66
3380,66
3381,66
3382,66
3383,66
3384,66
3385,66
3386,66
3387,66
3388,66
3389,66
3390,66
3391,66
3392,66
3393,66
3394,66
3395,66
3396,66
3397,66
3398,66
3399,66
3400,66
3401,66
3402,66
3403,66
3404,66
3405,66
3406,66
3407,66
3408,66
3409,66
3410,66
3411,66
3412,66
3413,66
3414,66
3415,66
3416,66
3417,66
3418,66
3419,66
3420,66
3421,66
3422,66
3423,66
3424,66
3425,66
3426,66
3427,66
3428,66
3429,66
3430,66
3431,66
3432,66
3433,66
3434,66
3435,66
3436,66
3437,66
3438,66
3439,66
3440,66
3441,66
3442,66
3443,66
3444,66
3445,66
3446,66
3447,66
3448,66
3449,66
3450,66
3451,66
3452,66
3453,66
3454,66
3455,66
3456,66
3457,66
3458,66
3459,66
3460,66
3461,66
3462,66
3463,66
3464,66
3465,66
3466,66
3467,66
3468,66
3469,66
3470,66
3471,66
3472,66
3473,66
3474,66
3475,66
3476,66
3477,66
3478,66
3479,66
3480,66
3481,66
3482,66
3483,66
3484,66
3485,66
3486,66
3487,66
3488,66
3489,66
3490,66
3491,66
3492,66
3493,66
3494,66
3495,66
3496,66
3497,66
3498,66
3499,66
3500,66
3501,66
3502,66
3503,66
3504,66
3505,66
3506,66
3507,66
3508,66
3509,66
3510,66
3511,66
3512,66
3513,66
3514,66
3515,66
3516,66
3517,66
3518,66
3519,66
3520,66
3521,66
3522,66
3523,66
3524,66
3525,66
3526,66
3527,66
3528,66
3529,66
3530,66
3531,66
3532,66
3533,66
3534,66
3535,66
3536,66
3537,66
3538,66
3539,66
3540,66
3541,66
3542,66
3543,66
3544,66
3545,66
3546,66
3547,66
3548,66
3549,66
3550,66
3551,66
3552,66
3553,66
3554,66
3555,66
3556,66
3557,66
3558,66
3559,66
3560,66
3561,66
3562,66
3563,66
3564,66
3565,66
3566,66
3567,66
3568,66
3569,66
3570,66
3571,66
3572,66
3573,66
3574,66
3575,66
3576,66
3577,66
3578,66
3579,66
3580,66
3581,66
3582,66
3583,66
3584,66
3585,66
3586,66
3587,66
3588,66
3589,66
3590,66
3591,66
3592,66
3593,66
3594,66
3595,66
3596,66
3597,66
3598,66
3599,66
3600,66
3601,66
3602,66
3603,66
3604,66
3605,66
3606,66
3607,66
3608,66
3609,66
3610,66
3611,66
3612,66
3613,66
3614,66
3615,66
3616,66
3617,66
3618,66
3619,66
3620,66
3621,66
3622,66
3623,66
3624,66
3625,66
3626,66
3627,66
3628,66
3629,66
3630,66
3631,66
3632,66
3633,66
3634,66
3635,66
3636,66
3637,66
3638,66
3639,66
3640,66
3641,66
3642,66
3643,66
3644,66
3645,66
3646,66
3647,66
3648,66
3649,66
3650,66
3651,66
3652,66
3653,66
3654,66
3655,66
3656,66
3657,66
3658,66
3659,66
3660,66
3661,66
3662,66
3663,66
3664,66
3665,66
3666,66
3667,66
3668,66
3669,66
3670,66
3671,66
3672,66
3673,66
3674,66
3675,66
3676,66
3677,66
3678,66
3679,66
3680,66
3681,66
3682,66
3683,66
3684,66
3685,66
3686,66
3687,66
3688,66
3689,66
3690,66
3691,66
3692,66
3693,66
3694,66
3695,66
3696,66
3697,66
3698,66
3699,66
3700,66
